policy,policy_name,cluster_name,cluster_display_name,sector_slug,workload_name,completed,completion_slot,total_work,total_energy_kwh,total_carbon_grams,total_day_ahead_cost,total_real_time_cost,active_slots,max_scale_used,tie_threshold_ratio,tie_break_used_count,cost_budget_ratio,cost_penalty_beta,urgency_gamma,lambda_carbon,sweep_group,carbon_savings_vs_base_pct,day_ahead_cost_savings_vs_base_pct,real_time_cost_savings_vs_base_pct,week_slug,family,short_label,selection_score
optionC_lambda0.60,carbonscaler_weighted,cluster1,"Ontario, Canada",ontario,nbody100k,True,167.0,24.44000000000001,5.9268,156.6906,142.91633399999998,55.989257500000015,14,2,,0,,,,0.6,,-18.89523237179488,19.941888150772872,17.106254986006817,ontario_week01_2026-04-06_to_2026-04-12,Option C,C-0.6,0.08125761330701045
optionC_lambda0.80,carbonscaler_weighted,cluster1,"Ontario, Canada",ontario,nbody100k,True,88.0,24.44000000000001,5.9268,133.3596,171.693984,63.70840850000001,14,2,,0,,,,0.8,,-1.1919070512820664,3.8213772338197862,5.677824546140563,ontario_week01_2026-04-06_to_2026-04-12,Option C,C-0.8,0.15106077812527732
optionA_tie_0.05,carbonscaler_price_tiebreak,cluster1,"Ontario, Canada",ontario,nbody100k,True,87.0,24.31000000000001,5.9202,131.1552,175.356324,67.46409450000002,13,2,0.05,20,,,,,,0.4807692307692102,1.769827091553343,0.1174207912483988,ontario_week01_2026-04-06_to_2026-04-12,Option A,A-0.05,0.214130383911468
optionA_tie_0.10,carbonscaler_price_tiebreak,cluster1,"Ontario, Canada",ontario,nbody100k,True,87.0,24.31000000000001,5.9202,131.1552,175.356324,67.46409450000002,13,2,0.1,23,,,,,,0.4807692307692102,1.769827091553343,0.1174207912483988,ontario_week01_2026-04-06_to_2026-04-12,Option A,A-0.1,0.214130383911468
optionA_tie_0.20,carbonscaler_price_tiebreak,cluster1,"Ontario, Canada",ontario,nbody100k,True,87.0,24.31000000000001,5.9202,131.1552,175.356324,67.46409450000002,13,2,0.2,24,,,,,,0.4807692307692102,1.769827091553343,0.1174207912483988,ontario_week01_2026-04-06_to_2026-04-12,Option A,A-0.2,0.214130383911468
optionC_lambda0.60,carbonscaler_weighted,cluster1,"Ontario, Canada",ontario,nbody100k,True,134.0,24.44000000000001,5.9268,143.08140000000006,55.350702,47.514852000000005,14,2,,0,,,,0.6,,-20.211822113785093,42.72487558417558,83.09013040527053,ontario_week02_2026-04-13_to_2026-04-19,Option C,C-0.6,0.11893947345449951
optionC_lambda0.50,carbonscaler_weighted,cluster1,"Ontario, Canada",ontario,nbody100k,True,134.0,24.44000000000001,5.9268,161.89140000000006,45.341736,43.20030550000001,14,2,,0,,,,0.5,,-36.01530442497507,53.08183136269047,84.62561700797312,ontario_week02_2026-04-13_to_2026-04-19,Option C,C-0.5,0.17127478677130323
optionC_lambda0.70,carbonscaler_weighted,cluster1,"Ontario, Canada",ontario,nbody100k,True,135.0,24.31000000000001,5.9202,130.24440000000004,64.261494,169.54504050000003,13,2,,0,,,,0.7,,-9.426638571587011,33.50427490518992,39.661297371017255,ontario_week02_2026-04-13_to_2026-04-19,Option C,C-0.7,0.3175370236777772
optionB_budget1.00_beta0.01_gamma0.50,carbonscaler_budget,cluster1,"Ontario, Canada",ontario,nbody100k,True,138.0,24.44000000000001,5.9268,119.922,87.96248999999999,269.11381200000005,14,2,,0,1.0,0.01,0.5,,optionB_budget_sweep,-0.7541310857269456,8.979247297067497,4.226167703089088,ontario_week02_2026-04-13_to_2026-04-19,Option B,B-1.0|b0.01|g0.5,0.48007058136442926
optionC_lambda0.80,carbonscaler_weighted,cluster1,"Ontario, Canada",ontario,nbody100k,True,136.0,24.44000000000001,5.9268,124.54200000000004,73.22006999999999,261.609392,14,2,,0,,,,0.8,,-4.6356881446157265,24.234228881408345,6.8968855574576615,ontario_week02_2026-04-13_to_2026-04-19,Option C,C-0.8,0.4802442050699059
optionC_lambda0.50,carbonscaler_weighted,cluster1,"Ontario, Canada",ontario,nbody100k,True,167.0,24.570000000000007,5.9334,176.23980000000003,259.001556,239.11817600000003,15,2,,0,,,,0.5,,-33.96377865850597,21.715308008635475,52.91846040186721,ontario_week04_2026-03-02_to_2026-03-08,Option C,C-0.5,0.18027050963861346
optionC_lambda0.80,carbonscaler_weighted,cluster1,"Ontario, Canada",ontario,nbody100k,True,167.0,24.44000000000001,5.9268,155.04720000000003,273.242442,258.168768,14,2,,0,,,,0.8,,-17.8548136256459,17.410919296028148,49.16746490407674,ontario_week04_2026-03-02_to_2026-03-08,Option C,C-0.8,0.18994682305124982
optionC_lambda0.70,carbonscaler_weighted,cluster1,"Ontario, Canada",ontario,nbody100k,True,167.0,24.44000000000001,5.9268,161.66700000000003,266.23542,255.08756900000003,14,2,,0,,,,0.7,,-22.886670345657937,19.528831510604633,49.774142301650336,ontario_week04_2026-03-02_to_2026-03-08,Option C,C-0.7,0.19068167867407382
optionC_lambda0.60,carbonscaler_weighted,cluster1,"Ontario, Canada",ontario,nbody100k,True,167.0,24.700000000000006,5.94,173.44800000000004,261.37353,251.63393200000004,16,2,,0,,,,0.6,,-31.841669593136995,20.99836538918061,50.45415144981762,ontario_week04_2026-03-02_to_2026-03-08,Option C,C-0.6,0.1946473913078271
optionC_lambda0.90,carbonscaler_weighted,cluster1,"Ontario, Canada",ontario,nbody100k,True,167.0,24.570000000000007,5.9334,136.90380000000005,310.32071399999995,386.5638315,15,2,,0,,,,0.9,,-4.06361310389806,6.203800899055919,23.886922172017663,ontario_week04_2026-03-02_to_2026-03-08,Option C,C-0.9,0.3449972614156358
optionC_lambda0.70,carbonscaler_weighted,cluster1,"Ontario, Canada",ontario,nbody100k,True,16.0,24.44000000000001,5.9268,129.03660000000002,115.898574,87.883598,14,2,,0,,,,0.7,,-11.40805743917035,27.879706350428684,45.24161583955378,ontario_week05_2026-03-09_to_2026-03-15,Option C,C-0.7,0.11585648148148164
optionC_lambda0.60,carbonscaler_weighted,cluster1,"Ontario, Canada",ontario,nbody100k,True,15.0,24.31000000000001,5.9202,131.1552,112.31985600000002,88.61135250000001,13,2,,0,,,,0.6,,-13.237221494102243,30.106637917757592,44.78816762632185,ontario_week05_2026-03-09_to_2026-03-15,Option C,C-0.6,0.13926142333202693
optionC_lambda0.50,carbonscaler_weighted,cluster1,"Ontario, Canada",ontario,nbody100k,True,15.0,24.31000000000001,5.9202,131.1552,112.31985600000002,88.61135250000001,13,2,,0,,,,0.5,,-13.237221494102243,30.106637917757592,44.78816762632185,ontario_week05_2026-03-09_to_2026-03-15,Option C,C-0.5,0.13926142333202693
optionC_lambda0.80,carbonscaler_weighted,cluster1,"Ontario, Canada",ontario,nbody100k,True,16.0,24.44000000000001,5.9268,124.7136,123.251238,104.4890385,14,2,,0,,,,0.8,,-7.675651034246985,23.30435853996613,34.89512217355218,ontario_week05_2026-03-09_to_2026-03-15,Option C,C-0.8,0.18812624717679477
optionB_budget0.90_beta0.0400_gamma0.50,carbonscaler_budget,cluster1,"Ontario, Canada",ontario,nbody100k,True,17.0,24.830000000000005,5.946599999999999,121.5192,143.58392400000002,122.278706,17,2,,0,0.9,0.04,0.5,,optionB_beta_sweep,-4.917659125876136,10.651922583294834,23.810762074280813,ontario_week05_2026-03-09_to_2026-03-15,Option B,B-0.9|b0.04|g0.5,0.27814903264416985
optionC_lambda0.50,carbonscaler_weighted,cluster1,"Ontario, Canada",ontario,nbody100k,True,29.0,24.700000000000006,5.9399999999999995,293.51520000000005,145.26996000000003,177.29492000000008,16,2,,0,,,,0.5,,-13.068239601342407,16.108485046678396,7.078680352515628,ontario_week06_2026-03-16_to_2026-03-22,Option C,C-0.5,0.1385444743935309
carbonscaler_base,carbonscaler,cluster1,"Ontario, Canada",ontario,nbody100k,True,31.0,24.090000000000003,5.7288,259.5912000000001,173.16406800000004,190.80112150000005,18,2,,0,,,,,,0.0,0.0,0.0,ontario_week06_2026-03-16_to_2026-03-22,Baseline,Base,0.32961513918832475
optionA_tie_0.01,carbonscaler_price_tiebreak,cluster1,"Ontario, Canada",ontario,nbody100k,True,31.0,24.090000000000003,5.7288,259.5912000000001,173.16406800000004,190.80112150000005,18,2,0.01,15,,,,,,0.0,0.0,0.0,ontario_week06_2026-03-16_to_2026-03-22,Option A,A-0.01,0.32961513918832475
optionC_lambda0.70,carbonscaler_weighted,cluster1,"Ontario, Canada",ontario,nbody100k,True,29.0,24.700000000000006,5.9399999999999995,271.54380000000003,158.730924,189.78672350000005,16,2,,0,,,,0.7,,-4.604393369266739,8.33495318439854,0.5316520112802375,ontario_week06_2026-03-16_to_2026-03-22,Option C,C-0.7,0.3536730506956996
optionB_budget1.00_beta0.01_gamma0.50,carbonscaler_budget,cluster1,"Ontario, Canada",ontario,nbody100k,True,31.0,24.22,5.735399999999999,262.65360000000004,172.51865400000003,191.836469,19,2,,0,1.0,0.01,0.5,,optionB_budget_sweep,-1.1797010068137777,0.3727182015613172,-0.5426317685454336,ontario_week06_2026-03-16_to_2026-03-22,Option B,B-1.0|b0.01|g0.5,0.36738924919329186
optionC_lambda0.50,carbonscaler_weighted,cluster1,"Ontario, Canada",ontario,nbody100k,True,160.0,24.960000000000004,5.9532,383.5458,171.17284799999996,123.9928085,18,2,,0,,,,0.5,,-18.811334641805715,34.38516642611107,51.58849639883808,ontario_week07_2026-03-23_to_2026-03-29,Option C,C-0.5,0.22421224803117334
optionC_lambda0.60,carbonscaler_weighted,cluster1,"Ontario, Canada",ontario,nbody100k,True,160.0,24.700000000000006,5.94,363.6666,177.955602,143.06608799999998,16,2,,0,,,,0.6,,-12.653336604514248,31.785167185094576,44.141563384168805,ontario_week07_2026-03-23_to_2026-03-29,Option C,C-0.6,0.24232646095384108
optionB_budget0.90_beta0.0400_gamma0.50,carbonscaler_budget,cluster1,"Ontario, Canada",ontario,nbody100k,True,164.0,24.610000000000003,5.755199999999999,328.812,218.696082,195.181899,22,2,,0,0.9,0.04,0.5,,optionB_beta_sweep,-1.856395158652288,16.168322304881137,23.793570605991075,ontario_week07_2026-03-23_to_2026-03-29,Option B,B-0.9|b0.04|g0.5,0.33529528675825426
optionC_lambda0.80,carbonscaler_weighted,cluster1,"Ontario, Canada",ontario,nbody100k,True,164.0,24.830000000000005,5.946599999999999,336.7188,207.72576,193.3234435,17,2,,0,,,,0.8,,-4.3056918547595755,20.37352108898955,24.5191822460472,ontario_week07_2026-03-23_to_2026-03-29,Option C,C-0.8,0.3468645641912602
optionC_lambda0.70,carbonscaler_weighted,cluster1,"Ontario, Canada",ontario,nbody100k,True,164.0,24.700000000000006,5.9399999999999995,350.07060000000007,188.887512,187.46361150000004,16,2,,0,,,,0.7,,-8.441691200523422,27.594692681248414,26.807083305810693,ontario_week07_2026-03-23_to_2026-03-29,Option C,C-0.7,0.35748052284227017
optionC_lambda0.70,carbonscaler_weighted,cluster1,"Ontario, Canada",ontario,nbody100k,True,160.0,24.44000000000001,5.9268,153.47640000000004,80.52389400000001,231.7734155,14,2,,0,,,,0.7,,-9.730086825217096,48.6932767472774,41.98210175591872,ontario_week08_2026-03-30_to_2026-04-05,Option C,C-0.7,0.14904260029676297
optionC_lambda0.80,carbonscaler_weighted,cluster1,"Ontario, Canada",ontario,nbody100k,True,166.0,24.44000000000001,5.9268,149.0874,87.081984,240.906578,14,2,,0,,,,0.8,,-6.59211023027558,44.51471443512137,39.69587366790204,ontario_week08_2026-03-30_to_2026-04-05,Option C,C-0.8,0.15517000213646803
optionC_lambda0.60,carbonscaler_weighted,cluster1,"Ontario, Canada",ontario,nbody100k,True,159.0,24.31000000000001,5.9202,156.20220000000003,76.889736,232.1655765,13,2,,0,,,,0.6,,-11.678935447338644,51.00882222701623,41.8839353767237,ontario_week08_2026-03-30_to_2026-04-05,Option C,C-0.6,0.15967909290225574
optionC_lambda0.50,carbonscaler_weighted,cluster1,"Ontario, Canada",ontario,nbody100k,True,159.0,24.31000000000001,5.9202,156.20220000000003,76.889736,232.1655765,13,2,,0,,,,0.5,,-11.678935447338644,51.00882222701623,41.8839353767237,ontario_week08_2026-03-30_to_2026-04-05,Option C,C-0.5,0.15967909290225574
optionB_budget0.90_beta0.01_gamma0.50,carbonscaler_budget,cluster1,"Ontario, Canada",ontario,nbody100k,True,167.0,24.35,5.741999999999998,140.1708,125.334198,301.09478850000005,20,2,,0,0.9,0.01,0.5,,optionB_budget_sweep,-0.2170630426576189,20.14187725586224,24.629462946253312,ontario_week08_2026-03-30_to_2026-04-05,Option B,B-0.9|b0.01|g0.5,0.2667664641386989
