policy,policy_name,cluster_name,cluster_display_name,sector_slug,workload_name,completed,completion_slot,total_work,total_energy_kwh,total_carbon_grams,total_day_ahead_cost,total_real_time_cost,active_slots,max_scale_used,tie_threshold_ratio,tie_break_used_count,cost_budget_ratio,cost_penalty_beta,urgency_gamma,lambda_carbon,sweep_group,carbon_savings_vs_base_pct,day_ahead_cost_savings_vs_base_pct,real_time_cost_savings_vs_base_pct,week_slug
carbonscaler_base,carbonscaler,cluster4,"Texas, US",texas,nbody100k,True,139.0,24.22,5.920928700000001,1058.104614,547.89697769799,657.3968199918003,19,2,,0,,,,,,0.0,0.0,0.0,texas_week01_2026-04-06_to_2026-04-12
price_only,price_only,cluster4,"Texas, US",texas,nbody100k,True,167.0,24.31000000000001,6.111393600000001,2172.8354784000003,70.15146485567999,96.92618537808002,13,2,,0,,,,,,-105.3516684126283,87.1962307311086,85.2560611140028,texas_week01_2026-04-06_to_2026-04-12
optionA_tie_0.01,carbonscaler_price_tiebreak,cluster4,"Texas, US",texas,nbody100k,True,139.0,24.090000000000003,5.914068900000001,1052.1138995999995,525.73925292045,632.2206490396803,18,2,0.01,17,,,,,,0.5661741117783384,4.044140719782127,3.829676412556114,texas_week01_2026-04-06_to_2026-04-12
optionA_tie_0.03,carbonscaler_price_tiebreak,cluster4,"Texas, US",texas,nbody100k,True,138.0,24.090000000000003,5.914068900000001,1053.5448006,520.5885578325001,628.8859342591803,18,2,0.03,23,,,,,,0.4309416422221498,4.9842253155378335,4.3369369710330465,texas_week01_2026-04-06_to_2026-04-12
optionA_tie_0.05,carbonscaler_price_tiebreak,cluster4,"Texas, US",texas,nbody100k,True,139.0,24.090000000000003,5.914068900000001,1053.5036417999995,519.96878851998,667.6020725471102,18,2,0.05,23,,,,,,0.4348315033432143,5.097343171220141,-1.552373276681992,texas_week01_2026-04-06_to_2026-04-12
optionA_tie_0.10,carbonscaler_price_tiebreak,cluster4,"Texas, US",texas,nbody100k,True,137.0,24.960000000000004,6.145692600000001,1106.1044106,439.03963681851,549.0608001250201,18,2,0.1,26,,,,,,-4.53639422462627,19.86821342524068,16.479547295061668,texas_week01_2026-04-06_to_2026-04-12
optionA_tie_0.20,carbonscaler_price_tiebreak,cluster4,"Texas, US",texas,nbody100k,True,140.0,24.830000000000005,6.138832800000001,1126.2165450000002,365.0524786356901,455.5730529002402,17,2,0.2,26,,,,,,-6.437164161161136,33.37205834398431,30.700447728675876,texas_week01_2026-04-06_to_2026-04-12
optionB_budget0.80_beta0.01_gamma0.50,carbonscaler_budget,cluster4,"Texas, US",texas,nbody100k,True,140.0,24.87,5.955227700000001,1131.6304590000002,383.06436561768,473.6225172683401,24,2,,0,0.8,0.01,0.5,,optionB_budget_sweep,-6.948825666873082,30.084599621786644,27.954851184974153,texas_week01_2026-04-06_to_2026-04-12
optionB_budget0.85_beta0.01_gamma0.50,carbonscaler_budget,cluster4,"Texas, US",texas,nbody100k,True,140.0,24.87,5.955227700000001,1131.6304590000002,383.06436561768,473.6225172683401,24,2,,0,0.85,0.01,0.5,,optionB_budget_sweep,-6.948825666873082,30.084599621786644,27.954851184974153,texas_week01_2026-04-06_to_2026-04-12
optionB_budget0.90_beta0.01_gamma0.50,carbonscaler_budget,cluster4,"Texas, US",texas,nbody100k,True,140.0,24.87,5.955227700000001,1131.6304590000002,383.06436561768,473.6225172683401,24,2,,0,0.9,0.01,0.5,,optionB_budget_sweep,-6.948825666873082,30.084599621786644,27.954851184974153,texas_week01_2026-04-06_to_2026-04-12
optionB_budget1.00_beta0.01_gamma0.50,carbonscaler_budget,cluster4,"Texas, US",texas,nbody100k,True,140.0,24.87,5.955227700000001,1131.6304590000002,383.06436561768,473.6225172683401,24,2,,0,1.0,0.01,0.5,,optionB_budget_sweep,-6.948825666873082,30.084599621786644,27.954851184974153,texas_week01_2026-04-06_to_2026-04-12
optionB_budget1.10_beta0.01_gamma0.50,carbonscaler_budget,cluster4,"Texas, US",texas,nbody100k,True,140.0,24.87,5.955227700000001,1131.6304590000002,383.06436561768,473.6225172683401,24,2,,0,1.1,0.01,0.5,,optionB_budget_sweep,-6.948825666873082,30.084599621786644,27.954851184974153,texas_week01_2026-04-06_to_2026-04-12
optionB_budget1.20_beta0.01_gamma0.50,carbonscaler_budget,cluster4,"Texas, US",texas,nbody100k,True,140.0,24.87,5.955227700000001,1131.6304590000002,383.06436561768,473.6225172683401,24,2,,0,1.2,0.01,0.5,,optionB_budget_sweep,-6.948825666873082,30.084599621786644,27.954851184974153,texas_week01_2026-04-06_to_2026-04-12
optionB_budget0.90_beta0.0025_gamma0.50,carbonscaler_budget,cluster4,"Texas, US",texas,nbody100k,True,140.0,24.0,5.723604000000001,1070.0754645000002,485.90247592965005,567.3420155578501,24,1,,0,0.9,0.0025,0.5,,optionB_beta_sweep,-1.1313484830905696,11.314992469717977,13.69869790898493,texas_week01_2026-04-06_to_2026-04-12
optionB_budget0.90_beta0.0050_gamma0.50,carbonscaler_budget,cluster4,"Texas, US",texas,nbody100k,True,140.0,24.74,5.948367900000001,1107.8152203000002,420.78966549141006,499.58999321781016,23,2,,0,0.9,0.005,0.5,,optionB_beta_sweep,-4.6980804773241776,23.199126365074353,24.004805313168145,texas_week01_2026-04-06_to_2026-04-12
optionB_budget0.90_beta0.0100_gamma0.50,carbonscaler_budget,cluster4,"Texas, US",texas,nbody100k,True,140.0,24.87,5.955227700000001,1131.6304590000002,383.06436561768,473.6225172683401,24,2,,0,0.9,0.01,0.5,,optionB_beta_sweep,-6.948825666873082,30.084599621786644,27.954851184974153,texas_week01_2026-04-06_to_2026-04-12
optionB_budget0.90_beta0.0200_gamma0.50,carbonscaler_budget,cluster4,"Texas, US",texas,nbody100k,True,139.0,24.61,5.941508100000001,1133.2631691,326.98610919405,424.7497402315201,22,2,,0,0.9,0.02,0.5,,optionB_beta_sweep,-7.103130834660558,40.319782275877,35.389139814090065,texas_week01_2026-04-06_to_2026-04-12
optionB_budget0.90_beta0.0400_gamma0.50,carbonscaler_budget,cluster4,"Texas, US",texas,nbody100k,True,136.0,24.480000000000004,5.934648300000001,1202.5081548000005,252.02381713455003,352.71659062527,21,2,,0,0.9,0.04,0.5,,optionB_beta_sweep,-13.64737842453078,54.001604791937766,46.34647143111075,texas_week01_2026-04-06_to_2026-04-12
optionB_budget0.90_beta0.01_gamma0.10,carbonscaler_budget,cluster4,"Texas, US",texas,nbody100k,True,139.0,24.74,5.948367900000001,1120.4548458000002,380.00767533216,470.7055632999601,23,2,,0,0.9,0.01,0.1,,optionB_gamma_sweep,-5.892633958403692,30.64249470242075,28.398564004944348,texas_week01_2026-04-06_to_2026-04-12
optionB_budget0.90_beta0.01_gamma0.25,carbonscaler_budget,cluster4,"Texas, US",texas,nbody100k,True,140.0,24.87,5.955227700000001,1131.6304590000002,383.06436561768,473.6225172683401,24,2,,0,0.9,0.01,0.25,,optionB_gamma_sweep,-6.948825666873082,30.084599621786644,27.954851184974153,texas_week01_2026-04-06_to_2026-04-12
optionB_budget0.90_beta0.01_gamma0.50,carbonscaler_budget,cluster4,"Texas, US",texas,nbody100k,True,140.0,24.87,5.955227700000001,1131.6304590000002,383.06436561768,473.6225172683401,24,2,,0,0.9,0.01,0.5,,optionB_gamma_sweep,-6.948825666873082,30.084599621786644,27.954851184974153,texas_week01_2026-04-06_to_2026-04-12
optionB_budget0.90_beta0.01_gamma0.75,carbonscaler_budget,cluster4,"Texas, US",texas,nbody100k,True,140.0,24.87,5.955227700000001,1131.6304590000002,383.06436561768,473.6225172683401,24,2,,0,0.9,0.01,0.75,,optionB_gamma_sweep,-6.948825666873082,30.084599621786644,27.954851184974153,texas_week01_2026-04-06_to_2026-04-12
optionB_budget0.90_beta0.01_gamma1.00,carbonscaler_budget,cluster4,"Texas, US",texas,nbody100k,True,140.0,24.87,5.955227700000001,1131.6304590000002,383.06436561768,473.6225172683401,24,2,,0,0.9,0.01,1.0,,optionB_gamma_sweep,-6.948825666873082,30.084599621786644,27.954851184974153,texas_week01_2026-04-06_to_2026-04-12
optionC_lambda0.50,carbonscaler_weighted,cluster4,"Texas, US",texas,nbody100k,True,167.0,24.700000000000006,6.131973000000001,1839.3497757,98.12467011921,187.65109633473,16,2,,0,,,,0.5,,-73.83439703061349,82.0906714011301,71.45542986699105,texas_week01_2026-04-06_to_2026-04-12
optionC_lambda0.60,carbonscaler_weighted,cluster4,"Texas, US",texas,nbody100k,True,167.0,24.090000000000003,5.914068900000001,1617.5345573999998,118.91986076811,250.2155141976,18,2,,0,,,,0.6,,-52.87094829736751,78.29521504795366,61.93843557066173,texas_week01_2026-04-06_to_2026-04-12
optionC_lambda0.70,carbonscaler_weighted,cluster4,"Texas, US",texas,nbody100k,True,167.0,24.570000000000007,6.125113200000001,1432.8455090999998,168.94085221005002,317.72595335265004,15,2,,0,,,,0.7,,-35.41624241513798,69.16558055861863,51.66907662306413,texas_week01_2026-04-06_to_2026-04-12
optionC_lambda0.80,carbonscaler_weighted,cluster4,"Texas, US",texas,nbody100k,True,135.0,24.570000000000007,6.125113200000001,1201.8465504,248.29439706777,340.07630045061,15,2,,0,,,,0.8,,-13.584851110005673,54.68228386457098,48.2692507616858,texas_week01_2026-04-06_to_2026-04-12
optionC_lambda0.90,carbonscaler_weighted,cluster4,"Texas, US",texas,nbody100k,True,135.0,24.570000000000007,6.125113200000001,1157.8933476000002,278.78827141458,387.7012444850701,15,2,,0,,,,0.9,,-9.430894854787994,49.11666193416151,41.02477640675143,texas_week01_2026-04-06_to_2026-04-12
carbonscaler_base,carbonscaler,cluster4,"Texas, US",texas,nbody100k,True,165.0,24.090000000000003,5.914068900000001,1118.2460679,374.58094779630005,528.79866299901,18,2,,0,,,,,,0.0,0.0,0.0,texas_week02_2026-04-13_to_2026-04-19
price_only,price_only,cluster4,"Texas, US",texas,nbody100k,True,130.0,24.31000000000001,6.111393600000001,1869.1462272,23.605116747840004,52.31498654832,13,2,,0,,,,,,-67.14981441518916,93.69826017935203,90.10682321857196,texas_week02_2026-04-13_to_2026-04-19
optionA_tie_0.01,carbonscaler_price_tiebreak,cluster4,"Texas, US",texas,nbody100k,True,165.0,24.090000000000003,5.914068900000001,1118.7230349,353.54477137995,452.55121919436,18,2,0.01,16,,,,,,-0.0426531345552188,5.615922683763848,14.418993303088742,texas_week02_2026-04-13_to_2026-04-19
optionA_tie_0.03,carbonscaler_price_tiebreak,cluster4,"Texas, US",texas,nbody100k,True,165.0,24.960000000000004,6.145692600000001,1163.6717523,356.02146138855,456.30323338107,18,2,0.03,22,,,,,,-4.062226168638058,4.95473315365811,13.709457812694158,texas_week02_2026-04-13_to_2026-04-19
optionA_tie_0.05,carbonscaler_price_tiebreak,cluster4,"Texas, US",texas,nbody100k,True,165.0,24.960000000000004,6.145692600000001,1165.3411368,355.638146859,457.97004225927,18,2,0.05,23,,,,,,-4.211512139581375,5.057064714247366,13.39425110079612,texas_week02_2026-04-13_to_2026-04-19
optionA_tie_0.10,carbonscaler_price_tiebreak,cluster4,"Texas, US",texas,nbody100k,True,165.0,24.830000000000005,6.138832800000001,1173.9511848,300.14163985362006,384.3189163589099,17,2,0.1,26,,,,,,-4.9814721910545865,19.87268930270331,27.32226020026276,texas_week02_2026-04-13_to_2026-04-19
optionA_tie_0.20,carbonscaler_price_tiebreak,cluster4,"Texas, US",texas,nbody100k,True,166.0,24.090000000000003,5.914068900000001,1155.9865896,260.7260306268,348.21536154674993,18,2,0.2,25,,,,,,-3.374974684317425,30.395277132838903,34.14972731362564,texas_week02_2026-04-13_to_2026-04-19
optionB_budget0.80_beta0.01_gamma0.50,carbonscaler_budget,cluster4,"Texas, US",texas,nbody100k,True,166.0,24.610000000000003,5.941508100000001,1173.6286188,297.62102714502,331.71456165174004,22,2,,0,0.8,0.01,0.5,,optionB_budget_sweep,-4.952626482649297,20.545604656094643,37.2701587839754,texas_week02_2026-04-13_to_2026-04-19
optionB_budget0.85_beta0.01_gamma0.50,carbonscaler_budget,cluster4,"Texas, US",texas,nbody100k,True,166.0,24.610000000000003,5.941508100000001,1170.0513663,303.55580828427003,335.78349558368996,22,2,,0,0.85,0.01,0.5,,optionB_budget_sweep,-4.632727973485044,18.961225852483565,36.50069126889631,texas_week02_2026-04-13_to_2026-04-19
optionB_budget0.90_beta0.01_gamma0.50,carbonscaler_budget,cluster4,"Texas, US",texas,nbody100k,True,166.0,24.610000000000003,5.941508100000001,1170.0513663,303.55580828427003,335.78349558368996,22,2,,0,0.9,0.01,0.5,,optionB_budget_sweep,-4.632727973485044,18.961225852483565,36.50069126889631,texas_week02_2026-04-13_to_2026-04-19
optionB_budget1.00_beta0.01_gamma0.50,carbonscaler_budget,cluster4,"Texas, US",texas,nbody100k,True,166.0,24.610000000000003,5.941508100000001,1170.0513663,303.55580828427003,335.78349558368996,22,2,,0,1.0,0.01,0.5,,optionB_budget_sweep,-4.632727973485044,18.961225852483565,36.50069126889631,texas_week02_2026-04-13_to_2026-04-19
optionB_budget1.10_beta0.01_gamma0.50,carbonscaler_budget,cluster4,"Texas, US",texas,nbody100k,True,166.0,24.610000000000003,5.941508100000001,1170.0513663,303.55580828427003,335.78349558368996,22,2,,0,1.1,0.01,0.5,,optionB_budget_sweep,-4.632727973485044,18.961225852483565,36.50069126889631,texas_week02_2026-04-13_to_2026-04-19
optionB_budget1.20_beta0.01_gamma0.50,carbonscaler_budget,cluster4,"Texas, US",texas,nbody100k,True,166.0,24.610000000000003,5.941508100000001,1170.0513663,303.55580828427003,335.78349558368996,22,2,,0,1.2,0.01,0.5,,optionB_budget_sweep,-4.632727973485044,18.961225852483565,36.50069126889631,texas_week02_2026-04-13_to_2026-04-19
optionB_budget0.90_beta0.0025_gamma0.50,carbonscaler_budget,cluster4,"Texas, US",texas,nbody100k,True,165.0,24.74,5.948367900000001,1178.6311002,335.56133266233,366.2724276310799,23,2,,0,0.9,0.0025,0.5,,optionB_beta_sweep,-5.399977163648734,10.416871270022307,30.734993626153393,texas_week02_2026-04-13_to_2026-04-19
optionB_budget0.90_beta0.0050_gamma0.50,carbonscaler_budget,cluster4,"Texas, US",texas,nbody100k,True,165.0,24.74,5.948367900000001,1178.6311002,335.56133266233,366.2724276310799,23,2,,0,0.9,0.005,0.5,,optionB_beta_sweep,-5.399977163648734,10.416871270022307,30.734993626153393,texas_week02_2026-04-13_to_2026-04-19
optionB_budget0.90_beta0.0100_gamma0.50,carbonscaler_budget,cluster4,"Texas, US",texas,nbody100k,True,166.0,24.610000000000003,5.941508100000001,1170.0513663,303.55580828427003,335.78349558368996,22,2,,0,0.9,0.01,0.5,,optionB_beta_sweep,-4.632727973485044,18.961225852483565,36.50069126889631,texas_week02_2026-04-13_to_2026-04-19
optionB_budget0.90_beta0.0200_gamma0.50,carbonscaler_budget,cluster4,"Texas, US",texas,nbody100k,True,166.0,24.610000000000003,5.941508100000001,1231.4497731,221.48848905408,265.55178418599,22,2,,0,0.9,0.02,0.5,,optionB_beta_sweep,-10.123326917892918,40.87032713299473,49.78206210281452,texas_week02_2026-04-13_to_2026-04-19
optionB_budget0.90_beta0.0400_gamma0.50,carbonscaler_budget,cluster4,"Texas, US",texas,nbody100k,True,166.0,24.480000000000004,5.934648300000001,1276.4122101000005,179.51660088614997,282.9837890661,21,2,,0,0.9,0.04,0.5,,optionB_beta_sweep,-14.144126837577604,52.07535195202388,46.48553242150884,texas_week02_2026-04-13_to_2026-04-19
optionB_budget0.90_beta0.01_gamma0.10,carbonscaler_budget,cluster4,"Texas, US",texas,nbody100k,True,166.0,24.610000000000003,5.941508100000001,1170.0513663,303.55580828427003,335.78349558368996,22,2,,0,0.9,0.01,0.1,,optionB_gamma_sweep,-4.632727973485044,18.961225852483565,36.50069126889631,texas_week02_2026-04-13_to_2026-04-19
optionB_budget0.90_beta0.01_gamma0.25,carbonscaler_budget,cluster4,"Texas, US",texas,nbody100k,True,166.0,24.610000000000003,5.941508100000001,1170.0513663,303.55580828427003,335.78349558368996,22,2,,0,0.9,0.01,0.25,,optionB_gamma_sweep,-4.632727973485044,18.961225852483565,36.50069126889631,texas_week02_2026-04-13_to_2026-04-19
optionB_budget0.90_beta0.01_gamma0.50,carbonscaler_budget,cluster4,"Texas, US",texas,nbody100k,True,166.0,24.610000000000003,5.941508100000001,1170.0513663,303.55580828427003,335.78349558368996,22,2,,0,0.9,0.01,0.5,,optionB_gamma_sweep,-4.632727973485044,18.961225852483565,36.50069126889631,texas_week02_2026-04-13_to_2026-04-19
optionB_budget0.90_beta0.01_gamma0.75,carbonscaler_budget,cluster4,"Texas, US",texas,nbody100k,True,166.0,24.610000000000003,5.941508100000001,1170.0513663,303.55580828427003,335.78349558368996,22,2,,0,0.9,0.01,0.75,,optionB_gamma_sweep,-4.632727973485044,18.961225852483565,36.50069126889631,texas_week02_2026-04-13_to_2026-04-19
optionB_budget0.90_beta0.01_gamma1.00,carbonscaler_budget,cluster4,"Texas, US",texas,nbody100k,True,166.0,24.610000000000003,5.941508100000001,1170.0513663,303.55580828427003,335.78349558368996,22,2,,0,0.9,0.01,1.0,,optionB_gamma_sweep,-4.632727973485044,18.961225852483565,36.50069126889631,texas_week02_2026-04-13_to_2026-04-19
optionC_lambda0.50,carbonscaler_weighted,cluster4,"Texas, US",texas,nbody100k,True,158.0,24.570000000000007,6.125113200000001,1792.1103069000003,29.703306904500003,46.96555539648,15,2,,0,,,,0.5,,-60.26081900430711,92.07025688859838,91.1184428625214,texas_week02_2026-04-13_to_2026-04-19
optionC_lambda0.60,carbonscaler_weighted,cluster4,"Texas, US",texas,nbody100k,True,160.0,24.570000000000007,6.125113200000001,1635.9971985000002,53.01920963919,58.64172528984,15,2,,0,,,,0.6,,-46.30028626635872,85.84572708486436,88.9103869973382,texas_week02_2026-04-13_to_2026-04-19
optionC_lambda0.70,carbonscaler_weighted,cluster4,"Texas, US",texas,nbody100k,True,160.0,24.700000000000006,6.131973000000001,1497.570153,85.70740164405,203.58496829850003,16,2,,0,,,,0.7,,-33.921343073653574,77.11912414438699,61.500475976263736,texas_week02_2026-04-13_to_2026-04-19
optionC_lambda0.80,carbonscaler_weighted,cluster4,"Texas, US",texas,nbody100k,True,166.0,24.570000000000007,6.125113200000001,1380.1253265000005,129.54771252231,245.37093282951,15,2,,0,,,,0.8,,-23.418750677281068,65.41529587010415,53.5984203443477,texas_week02_2026-04-13_to_2026-04-19
optionC_lambda0.90,carbonscaler_weighted,cluster4,"Texas, US",texas,nbody100k,True,166.0,24.960000000000004,6.145692600000001,1191.9964104,276.46756009338003,373.35227879076,18,2,,0,,,,0.9,,-6.5951801322672,26.192839833454325,29.396137903726327,texas_week02_2026-04-13_to_2026-04-19
carbonscaler_base,carbonscaler,cluster4,"Texas, US",texas,nbody100k,True,115.0,24.22000000000001,5.920928700000001,1140.002523,404.39162094153,487.6619361193501,19,2,,0,,,,,,0.0,0.0,0.0,texas_week04_2026-03-02_to_2026-03-08
price_only,price_only,cluster4,"Texas, US",texas,nbody100k,True,111.0,24.31000000000001,6.111393600000001,2010.6484944,106.31290986192,131.72761025472002,13,2,,0,,,,,,-76.37228460765431,73.71040734860046,72.98792452350001,texas_week04_2026-03-02_to_2026-03-08
optionA_tie_0.01,carbonscaler_price_tiebreak,cluster4,"Texas, US",texas,nbody100k,True,115.0,24.22000000000001,5.920928700000001,1140.002523,404.39162094153,487.6619361193501,19,2,0.01,14,,,,,,0.0,0.0,0.0,texas_week04_2026-03-02_to_2026-03-08
optionA_tie_0.03,carbonscaler_price_tiebreak,cluster4,"Texas, US",texas,nbody100k,True,114.0,24.090000000000007,5.914068900000001,1134.849126,391.89861761814,469.9221137282101,18,2,0.03,21,,,,,,0.4520513679600023,3.0893328833824474,3.6377295575512063,texas_week04_2026-03-02_to_2026-03-08
optionA_tie_0.05,carbonscaler_price_tiebreak,cluster4,"Texas, US",texas,nbody100k,True,116.0,24.22,5.920928700000001,1145.3641671,382.03827260559,459.49713866757,19,2,0.05,24,,,,,,-0.4703186170053696,5.527648739085026,5.7754758708268445,texas_week04_2026-03-02_to_2026-03-08
optionA_tie_0.10,carbonscaler_price_tiebreak,cluster4,"Texas, US",texas,nbody100k,True,115.0,24.960000000000004,6.145692600000001,1182.4554609000002,404.8987941573,489.7467902493901,18,2,0.1,26,,,,,,-3.7239336793994138,-0.1254163512560402,-0.4275203733616214,texas_week04_2026-03-02_to_2026-03-08
optionA_tie_0.20,carbonscaler_price_tiebreak,cluster4,"Texas, US",texas,nbody100k,True,136.0,24.830000000000005,6.138832800000001,1226.3594574000003,317.4323537073,398.89040187732,17,2,0.2,26,,,,,,-7.575152919201059,21.50372627201472,18.203498708233045,texas_week04_2026-03-02_to_2026-03-08
optionB_budget0.80_beta0.01_gamma0.50,carbonscaler_budget,cluster4,"Texas, US",texas,nbody100k,False,,23.87,5.716744200000001,1173.2520957000002,323.3561839584,365.5170954460201,23,2,,0,0.8,0.01,0.5,,optionB_budget_sweep,-2.916622729263911,20.038851644467364,25.047031893716703,texas_week04_2026-03-02_to_2026-03-08
optionB_budget0.85_beta0.01_gamma0.50,carbonscaler_budget,cluster4,"Texas, US",texas,nbody100k,False,,23.0,5.485120500000001,1099.6474185000002,342.94816843455004,380.8938504799501,23,1,,0,0.85,0.01,0.5,,optionB_budget_sweep,3.539913612980655,15.19404689046807,21.89387313863874,texas_week04_2026-03-02_to_2026-03-08
optionB_budget0.90_beta0.01_gamma0.50,carbonscaler_budget,cluster4,"Texas, US",texas,nbody100k,True,134.0,24.0,5.723604000000001,1154.7371070000002,353.52343306185,395.7218959693501,24,1,,0,0.9,0.01,0.5,,optionB_budget_sweep,-1.2925045079045003,12.578942105982671,18.85323281157188,texas_week04_2026-03-02_to_2026-03-08
optionB_budget1.00_beta0.01_gamma0.50,carbonscaler_budget,cluster4,"Texas, US",texas,nbody100k,True,134.0,24.0,5.723604000000001,1154.7371070000002,353.52343306185,395.7218959693501,24,1,,0,1.0,0.01,0.5,,optionB_budget_sweep,-1.2925045079045003,12.578942105982671,18.85323281157188,texas_week04_2026-03-02_to_2026-03-08
optionB_budget1.10_beta0.01_gamma0.50,carbonscaler_budget,cluster4,"Texas, US",texas,nbody100k,True,134.0,24.0,5.723604000000001,1154.7371070000002,353.52343306185,395.7218959693501,24,1,,0,1.1,0.01,0.5,,optionB_budget_sweep,-1.2925045079045003,12.578942105982671,18.85323281157188,texas_week04_2026-03-02_to_2026-03-08
optionB_budget1.20_beta0.01_gamma0.50,carbonscaler_budget,cluster4,"Texas, US",texas,nbody100k,True,134.0,24.0,5.723604000000001,1154.7371070000002,353.52343306185,395.7218959693501,24,1,,0,1.2,0.01,0.5,,optionB_budget_sweep,-1.2925045079045003,12.578942105982671,18.85323281157188,texas_week04_2026-03-02_to_2026-03-08
optionB_budget0.90_beta0.0025_gamma0.50,carbonscaler_budget,cluster4,"Texas, US",texas,nbody100k,True,134.0,24.87,5.955227700000001,1201.9282131000002,361.6485634581901,403.2434802526201,24,2,,0,0.9,0.0025,0.5,,optionB_beta_sweep,-5.432066056927499,10.56971887395265,17.310856069371283,texas_week04_2026-03-02_to_2026-03-08
optionB_budget0.90_beta0.0050_gamma0.50,carbonscaler_budget,cluster4,"Texas, US",texas,nbody100k,True,134.0,24.0,5.723604000000001,1154.7371070000002,353.52343306185,395.7218959693501,24,1,,0,0.9,0.005,0.5,,optionB_beta_sweep,-1.2925045079045003,12.578942105982671,18.85323281157188,texas_week04_2026-03-02_to_2026-03-08
optionB_budget0.90_beta0.0100_gamma0.50,carbonscaler_budget,cluster4,"Texas, US",texas,nbody100k,True,134.0,24.0,5.723604000000001,1154.7371070000002,353.52343306185,395.7218959693501,24,1,,0,0.9,0.01,0.5,,optionB_beta_sweep,-1.2925045079045003,12.578942105982671,18.85323281157188,texas_week04_2026-03-02_to_2026-03-08
optionB_budget0.90_beta0.0200_gamma0.50,carbonscaler_budget,cluster4,"Texas, US",texas,nbody100k,True,134.0,24.87,5.955227700000001,1269.7382352000002,262.05153139475993,301.40054861469,24,2,,0,0.9,0.02,0.5,,optionB_beta_sweep,-11.38030044517718,35.198575384763146,38.19477669035759,texas_week04_2026-03-02_to_2026-03-08
optionB_budget0.90_beta0.0400_gamma0.50,carbonscaler_budget,cluster4,"Texas, US",texas,nbody100k,True,134.0,24.74,5.948367900000001,1283.4524739,240.18457992729,275.98551224265003,23,2,,0,0.9,0.04,0.5,,optionB_beta_sweep,-12.583301177483442,40.60594545255978,43.40638630957134,texas_week04_2026-03-02_to_2026-03-08
optionB_budget0.90_beta0.01_gamma0.10,carbonscaler_budget,cluster4,"Texas, US",texas,nbody100k,True,134.0,24.0,5.723604000000001,1154.7371070000002,353.52343306185,395.7218959693501,24,1,,0,0.9,0.01,0.1,,optionB_gamma_sweep,-1.2925045079045003,12.578942105982671,18.85323281157188,texas_week04_2026-03-02_to_2026-03-08
optionB_budget0.90_beta0.01_gamma0.25,carbonscaler_budget,cluster4,"Texas, US",texas,nbody100k,True,134.0,24.0,5.723604000000001,1154.7371070000002,353.52343306185,395.7218959693501,24,1,,0,0.9,0.01,0.25,,optionB_gamma_sweep,-1.2925045079045003,12.578942105982671,18.85323281157188,texas_week04_2026-03-02_to_2026-03-08
optionB_budget0.90_beta0.01_gamma0.50,carbonscaler_budget,cluster4,"Texas, US",texas,nbody100k,True,134.0,24.0,5.723604000000001,1154.7371070000002,353.52343306185,395.7218959693501,24,1,,0,0.9,0.01,0.5,,optionB_gamma_sweep,-1.2925045079045003,12.578942105982671,18.85323281157188,texas_week04_2026-03-02_to_2026-03-08
optionB_budget0.90_beta0.01_gamma0.75,carbonscaler_budget,cluster4,"Texas, US",texas,nbody100k,True,134.0,24.0,5.723604000000001,1154.7371070000002,353.52343306185,395.7218959693501,24,1,,0,0.9,0.01,0.75,,optionB_gamma_sweep,-1.2925045079045003,12.578942105982671,18.85323281157188,texas_week04_2026-03-02_to_2026-03-08
optionB_budget0.90_beta0.01_gamma1.00,carbonscaler_budget,cluster4,"Texas, US",texas,nbody100k,True,134.0,24.0,5.723604000000001,1154.7371070000002,353.52343306185,395.7218959693501,24,1,,0,0.9,0.01,1.0,,optionB_gamma_sweep,-1.2925045079045003,12.578942105982671,18.85323281157188,texas_week04_2026-03-02_to_2026-03-08
optionC_lambda0.50,carbonscaler_weighted,cluster4,"Texas, US",texas,nbody100k,True,112.0,24.44000000000001,6.118253400000001,1541.2268525999998,136.74860655795,138.32672383431,14,2,,0,,,,0.5,,-35.19503873940108,66.18411473522539,71.6347097058533,texas_week04_2026-03-02_to_2026-03-08
optionC_lambda0.60,carbonscaler_weighted,cluster4,"Texas, US",texas,nbody100k,True,129.0,24.700000000000006,6.131973000000001,1484.7247335,150.03230539212,142.62813804882003,16,2,,0,,,,0.6,,-30.23872347166725,62.899254677234566,70.75266132439886,texas_week04_2026-03-02_to_2026-03-08
optionC_lambda0.70,carbonscaler_weighted,cluster4,"Texas, US",texas,nbody100k,True,134.0,24.700000000000006,6.131973000000001,1395.0444369000002,177.41549954847002,156.61971999240004,16,2,,0,,,,0.7,,-22.372048197651228,56.12780029037197,67.88354628644443,texas_week04_2026-03-02_to_2026-03-08
optionC_lambda0.80,carbonscaler_weighted,cluster4,"Texas, US",texas,nbody100k,True,134.0,24.700000000000006,6.131973000000001,1333.8893421,206.84873873325003,194.92926038190004,16,2,,0,,,,0.8,,-17.007578070070632,48.84940042732542,60.027788526395646,texas_week04_2026-03-02_to_2026-03-08
optionC_lambda0.90,carbonscaler_weighted,cluster4,"Texas, US",texas,nbody100k,True,134.0,24.700000000000006,6.131973000000001,1200.5677527000005,319.67621320392,392.64080986962006,16,2,,0,,,,0.9,,-5.3127276894632045,20.948853376430073,19.485040601256735,texas_week04_2026-03-02_to_2026-03-08
carbonscaler_base,carbonscaler,cluster4,"Texas, US",texas,nbody100k,True,141.0,24.090000000000007,5.914068900000001,676.1544909000002,423.98396509653,510.73837850964,18,2,,0,,,,,,0.0,0.0,0.0,texas_week05_2026-03-09_to_2026-03-15
price_only,price_only,cluster4,"Texas, US",texas,nbody100k,True,123.0,24.570000000000007,6.125113200000001,2006.1753276,75.01514180241001,81.49767913494001,15,2,,0,,,,,,-196.70369044353552,82.30708046108984,84.04316523603448,texas_week05_2026-03-09_to_2026-03-15
optionA_tie_0.01,carbonscaler_price_tiebreak,cluster4,"Texas, US",texas,nbody100k,True,141.0,24.090000000000007,5.914068900000001,676.1544909000002,423.98396509653,510.73837850964,18,2,0.01,18,,,,,,0.0,0.0,0.0,texas_week05_2026-03-09_to_2026-03-15
optionA_tie_0.03,carbonscaler_price_tiebreak,cluster4,"Texas, US",texas,nbody100k,True,141.0,24.960000000000008,6.145692600000001,703.0228401000002,436.8133702158301,517.3655958140399,18,2,0.03,21,,,,,,-3.973699733064955,-3.025917528833691,-1.29757574195588,texas_week05_2026-03-09_to_2026-03-15
optionA_tie_0.05,carbonscaler_price_tiebreak,cluster4,"Texas, US",texas,nbody100k,True,161.0,24.090000000000007,5.914068900000001,678.0623589,416.0801687878801,427.5218983229401,18,2,0.05,23,,,,,,-0.2821645090991576,1.8641734026074412,16.293367345827782,texas_week05_2026-03-09_to_2026-03-15
optionA_tie_0.10,carbonscaler_price_tiebreak,cluster4,"Texas, US",texas,nbody100k,True,161.0,24.090000000000003,5.914068900000001,682.9950546000001,386.67063452667,470.32754131812,18,2,0.1,24,,,,,,-1.011686499470673,8.80064663798423,7.91223822056232,texas_week05_2026-03-09_to_2026-03-15
optionA_tie_0.20,carbonscaler_price_tiebreak,cluster4,"Texas, US",texas,nbody100k,True,161.0,24.22000000000001,5.920928700000001,691.5784293,381.4748232978,454.4306232268201,19,2,0.2,25,,,,,,-2.2811263709081846,10.02612015976873,11.024774650209135,texas_week05_2026-03-09_to_2026-03-15
optionB_budget0.80_beta0.01_gamma0.50,carbonscaler_budget,cluster4,"Texas, US",texas,nbody100k,False,,22.87,5.478260700000001,655.8042171000001,338.50402908804006,419.77356383463007,22,2,,0,0.8,0.01,0.5,,optionB_budget_sweep,3.009707703473611,20.161124722966452,17.810452181104896,texas_week05_2026-03-09_to_2026-03-15
optionB_budget0.85_beta0.01_gamma0.50,carbonscaler_budget,cluster4,"Texas, US",texas,nbody100k,False,,23.87,5.716744200000001,686.0916216,360.21468453909006,434.61870859098013,23,2,,0,0.85,0.01,0.5,,optionB_budget_sweep,-1.4696538784757625,15.040493463690632,14.903847668698967,texas_week05_2026-03-09_to_2026-03-15
optionB_budget0.90_beta0.01_gamma0.50,carbonscaler_budget,cluster4,"Texas, US",texas,nbody100k,True,161.0,24.87,5.955227700000001,716.1405426,376.94594760024,451.0086540669301,24,2,,0,0.9,0.01,0.5,,optionB_budget_sweep,-5.913744896787735,11.094291616802227,11.694778962372917,texas_week05_2026-03-09_to_2026-03-15
optionB_budget1.00_beta0.01_gamma0.50,carbonscaler_budget,cluster4,"Texas, US",texas,nbody100k,True,161.0,24.87,5.955227700000001,716.1405426,376.94594760024,451.0086540669301,24,2,,0,1.0,0.01,0.5,,optionB_budget_sweep,-5.913744896787735,11.094291616802227,11.694778962372917,texas_week05_2026-03-09_to_2026-03-15
optionB_budget1.10_beta0.01_gamma0.50,carbonscaler_budget,cluster4,"Texas, US",texas,nbody100k,True,161.0,24.87,5.955227700000001,716.1405426,376.94594760024,451.0086540669301,24,2,,0,1.1,0.01,0.5,,optionB_budget_sweep,-5.913744896787735,11.094291616802227,11.694778962372917,texas_week05_2026-03-09_to_2026-03-15
optionB_budget1.20_beta0.01_gamma0.50,carbonscaler_budget,cluster4,"Texas, US",texas,nbody100k,True,161.0,24.87,5.955227700000001,716.1405426,376.94594760024,451.0086540669301,24,2,,0,1.2,0.01,0.5,,optionB_budget_sweep,-5.913744896787735,11.094291616802227,11.694778962372917,texas_week05_2026-03-09_to_2026-03-15
optionB_budget0.90_beta0.0025_gamma0.50,carbonscaler_budget,cluster4,"Texas, US",texas,nbody100k,True,161.0,24.87,5.955227700000001,750.7480893000002,380.23319855097,461.6159020533001,24,2,,0,0.9,0.0025,0.5,,optionB_beta_sweep,-11.032034750033484,10.318967259905476,9.617933275287,texas_week05_2026-03-09_to_2026-03-15
optionB_budget0.90_beta0.0050_gamma0.50,carbonscaler_budget,cluster4,"Texas, US",texas,nbody100k,True,161.0,24.87,5.955227700000001,716.1405426,376.94594760024,451.0086540669301,24,2,,0,0.9,0.005,0.5,,optionB_beta_sweep,-5.913744896787735,11.094291616802227,11.694778962372917,texas_week05_2026-03-09_to_2026-03-15
optionB_budget0.90_beta0.0100_gamma0.50,carbonscaler_budget,cluster4,"Texas, US",texas,nbody100k,True,161.0,24.87,5.955227700000001,716.1405426,376.94594760024,451.0086540669301,24,2,,0,0.9,0.01,0.5,,optionB_beta_sweep,-5.913744896787735,11.094291616802227,11.694778962372917,texas_week05_2026-03-09_to_2026-03-15
optionB_budget0.90_beta0.0200_gamma0.50,carbonscaler_budget,cluster4,"Texas, US",texas,nbody100k,True,161.0,24.87,5.955227700000001,727.3492671,351.02646379614004,429.0782837673301,24,2,,0,0.9,0.02,0.5,,optionB_beta_sweep,-7.571461387745381,17.20760861410867,15.988634921189629,texas_week05_2026-03-09_to_2026-03-15
optionB_budget0.90_beta0.0400_gamma0.50,carbonscaler_budget,cluster4,"Texas, US",texas,nbody100k,True,164.0,24.74,5.948367900000001,748.7530752000001,302.39374308159006,372.6216046640701,23,2,,0,0.9,0.04,0.5,,optionB_beta_sweep,-10.736981751517632,28.678023704801447,27.042568104750927,texas_week05_2026-03-09_to_2026-03-15
optionB_budget0.90_beta0.01_gamma0.10,carbonscaler_budget,cluster4,"Texas, US",texas,nbody100k,True,161.0,24.87,5.955227700000001,716.1405426,376.94594760024,451.0086540669301,24,2,,0,0.9,0.01,0.1,,optionB_gamma_sweep,-5.913744896787735,11.094291616802227,11.694778962372917,texas_week05_2026-03-09_to_2026-03-15
optionB_budget0.90_beta0.01_gamma0.25,carbonscaler_budget,cluster4,"Texas, US",texas,nbody100k,True,161.0,24.87,5.955227700000001,716.1405426,376.94594760024,451.0086540669301,24,2,,0,0.9,0.01,0.25,,optionB_gamma_sweep,-5.913744896787735,11.094291616802227,11.694778962372917,texas_week05_2026-03-09_to_2026-03-15
optionB_budget0.90_beta0.01_gamma0.50,carbonscaler_budget,cluster4,"Texas, US",texas,nbody100k,True,161.0,24.87,5.955227700000001,716.1405426,376.94594760024,451.0086540669301,24,2,,0,0.9,0.01,0.5,,optionB_gamma_sweep,-5.913744896787735,11.094291616802227,11.694778962372917,texas_week05_2026-03-09_to_2026-03-15
optionB_budget0.90_beta0.01_gamma0.75,carbonscaler_budget,cluster4,"Texas, US",texas,nbody100k,True,161.0,24.87,5.955227700000001,716.1405426,376.94594760024,451.0086540669301,24,2,,0,0.9,0.01,0.75,,optionB_gamma_sweep,-5.913744896787735,11.094291616802227,11.694778962372917,texas_week05_2026-03-09_to_2026-03-15
optionB_budget0.90_beta0.01_gamma1.00,carbonscaler_budget,cluster4,"Texas, US",texas,nbody100k,True,161.0,24.87,5.955227700000001,716.1405426,376.94594760024,451.0086540669301,24,2,,0,0.9,0.01,1.0,,optionB_gamma_sweep,-5.913744896787735,11.094291616802227,11.694778962372917,texas_week05_2026-03-09_to_2026-03-15
optionC_lambda0.50,carbonscaler_weighted,cluster4,"Texas, US",texas,nbody100k,True,166.0,24.570000000000007,6.125113200000001,1238.0210064000005,134.08128552786002,111.41649089775,15,2,,0,,,,0.5,,-83.09735763969026,68.37585933295065,78.1852127065781,texas_week05_2026-03-09_to_2026-03-15
optionC_lambda0.60,carbonscaler_weighted,cluster4,"Texas, US",texas,nbody100k,True,166.0,24.700000000000006,6.131973000000001,958.9689822,187.15521937473005,158.40251088360003,16,2,,0,,,,0.6,,-41.826904221778925,55.857948700460945,68.98558683883783,texas_week05_2026-03-09_to_2026-03-15
optionC_lambda0.70,carbonscaler_weighted,cluster4,"Texas, US",texas,nbody100k,True,166.0,24.44000000000001,6.118253400000001,883.3104276,205.43436878010004,174.34067545602002,14,2,,0,,,,0.7,,-30.637367567323786,51.5466655128507,65.86497455610156,texas_week05_2026-03-09_to_2026-03-15
optionC_lambda0.80,carbonscaler_weighted,cluster4,"Texas, US",texas,nbody100k,True,165.0,24.830000000000005,6.138832800000001,815.2037469000002,243.14417388521997,228.22379763123004,17,2,,0,,,,0.8,,-20.56471677277741,42.65250719331746,55.314930846356525,texas_week05_2026-03-09_to_2026-03-15
optionC_lambda0.90,carbonscaler_weighted,cluster4,"Texas, US",texas,nbody100k,True,161.0,24.570000000000007,6.125113200000001,746.6855559000002,300.5691284260201,296.40360619128,15,2,,0,,,,0.9,,-10.431205582339496,29.108373625028864,41.965668008697435,texas_week05_2026-03-09_to_2026-03-15
carbonscaler_base,carbonscaler,cluster4,"Texas, US",texas,nbody100k,True,162.0,24.090000000000003,5.914068900000001,752.1177516000001,437.1152558413501,460.09671892380015,18,2,,0,,,,,,0.0,0.0,0.0,texas_week06_2026-03-16_to_2026-03-22
price_only,price_only,cluster4,"Texas, US",texas,nbody100k,True,145.0,24.44000000000001,6.118253400000001,1947.7097739,94.20424643724,92.34226603149004,14,2,,0,,,,,,-158.9634096199146,78.44864822758986,79.92981426872912,texas_week06_2026-03-16_to_2026-03-22
optionA_tie_0.01,carbonscaler_price_tiebreak,cluster4,"Texas, US",texas,nbody100k,True,162.0,24.090000000000003,5.914068900000001,752.1177516000001,437.1152558413501,460.09671892380015,18,2,0.01,16,,,,,,0.0,0.0,0.0,texas_week06_2026-03-16_to_2026-03-22
optionA_tie_0.03,carbonscaler_price_tiebreak,cluster4,"Texas, US",texas,nbody100k,True,162.0,24.090000000000003,5.914068900000001,752.1177516000001,437.1152558413501,460.09671892380015,18,2,0.03,22,,,,,,0.0,0.0,0.0,texas_week06_2026-03-16_to_2026-03-22
optionA_tie_0.05,carbonscaler_price_tiebreak,cluster4,"Texas, US",texas,nbody100k,True,162.0,24.22,5.920928700000001,758.0176791000002,435.3977927047801,460.54199728416006,19,2,0.05,23,,,,,,-0.7844419956115954,0.3929085323879354,-0.0967792948842247,texas_week06_2026-03-16_to_2026-03-22
optionA_tie_0.10,carbonscaler_price_tiebreak,cluster4,"Texas, US",texas,nbody100k,True,162.0,24.090000000000003,5.914068900000001,759.2980863000003,391.0411326847501,412.47437663166,18,2,0.1,24,,,,,,-0.9546822535068744,10.540497624114629,10.350506824637286,texas_week06_2026-03-16_to_2026-03-22
optionA_tie_0.20,carbonscaler_price_tiebreak,cluster4,"Texas, US",texas,nbody100k,True,162.0,24.830000000000005,6.138832800000001,786.7398615000002,407.61298134876006,421.2831216690601,17,2,0.2,26,,,,,,-4.603283172927047,6.7493124749912266,8.435964800081154,texas_week06_2026-03-16_to_2026-03-22
optionB_budget0.80_beta0.01_gamma0.50,carbonscaler_budget,cluster4,"Texas, US",texas,nbody100k,True,162.0,24.0,5.723604000000001,791.2882529999999,346.5827762163001,374.19089013885,24,1,,0,0.8,0.01,0.5,,optionB_budget_sweep,-5.2080277744636865,20.71135207825109,18.671254380142106,texas_week06_2026-03-16_to_2026-03-22
optionB_budget0.85_beta0.01_gamma0.50,carbonscaler_budget,cluster4,"Texas, US",texas,nbody100k,True,162.0,24.87,5.955227700000001,804.3108396,368.6582230863301,401.04214724028,24,2,,0,0.85,0.01,0.5,,optionB_budget_sweep,-6.939483596679926,15.661094377329698,12.835251644839609,texas_week06_2026-03-16_to_2026-03-22
optionB_budget0.90_beta0.01_gamma0.50,carbonscaler_budget,cluster4,"Texas, US",texas,nbody100k,True,163.0,24.87,5.955227700000001,802.4029716000001,373.11221247738007,402.38166136308,24,2,,0,0.9,0.01,0.5,,optionB_budget_sweep,-6.685817465819268,14.642143578534762,12.544114136636288,texas_week06_2026-03-16_to_2026-03-22
optionB_budget1.00_beta0.01_gamma0.50,carbonscaler_budget,cluster4,"Texas, US",texas,nbody100k,True,163.0,24.87,5.955227700000001,802.4029716000001,373.11221247738007,402.38166136308,24,2,,0,1.0,0.01,0.5,,optionB_budget_sweep,-6.685817465819268,14.642143578534762,12.544114136636288,texas_week06_2026-03-16_to_2026-03-22
optionB_budget1.10_beta0.01_gamma0.50,carbonscaler_budget,cluster4,"Texas, US",texas,nbody100k,True,163.0,24.87,5.955227700000001,802.4029716000001,373.11221247738007,402.38166136308,24,2,,0,1.1,0.01,0.5,,optionB_budget_sweep,-6.685817465819268,14.642143578534762,12.544114136636288,texas_week06_2026-03-16_to_2026-03-22
optionB_budget1.20_beta0.01_gamma0.50,carbonscaler_budget,cluster4,"Texas, US",texas,nbody100k,True,163.0,24.87,5.955227700000001,802.4029716000001,373.11221247738007,402.38166136308,24,2,,0,1.2,0.01,0.5,,optionB_budget_sweep,-6.685817465819268,14.642143578534762,12.544114136636288,texas_week06_2026-03-16_to_2026-03-22
optionB_budget0.90_beta0.0025_gamma0.50,carbonscaler_budget,cluster4,"Texas, US",texas,nbody100k,True,163.0,24.74,5.948367900000001,792.7696257000001,378.7085110979701,408.1958172694201,23,2,,0,0.9,0.0025,0.5,,optionB_beta_sweep,-5.404987984065018,13.361863710512685,11.280432900234564,texas_week06_2026-03-16_to_2026-03-22
optionB_budget0.90_beta0.0050_gamma0.50,carbonscaler_budget,cluster4,"Texas, US",texas,nbody100k,True,163.0,24.87,5.955227700000001,802.4029716000001,373.11221247738007,402.38166136308,24,2,,0,0.9,0.005,0.5,,optionB_beta_sweep,-6.685817465819268,14.642143578534762,12.544114136636288,texas_week06_2026-03-16_to_2026-03-22
optionB_budget0.90_beta0.0100_gamma0.50,carbonscaler_budget,cluster4,"Texas, US",texas,nbody100k,True,163.0,24.87,5.955227700000001,802.4029716000001,373.11221247738007,402.38166136308,24,2,,0,0.9,0.01,0.5,,optionB_beta_sweep,-6.685817465819268,14.642143578534762,12.544114136636288,texas_week06_2026-03-16_to_2026-03-22
optionB_budget0.90_beta0.0200_gamma0.50,carbonscaler_budget,cluster4,"Texas, US",texas,nbody100k,True,162.0,24.87,5.955227700000001,815.0425971,344.9020946557801,371.80290157113006,24,2,,0,0.9,0.02,0.5,,optionB_beta_sweep,-8.366355582771199,21.095845993313617,19.190273201512017,texas_week06_2026-03-16_to_2026-03-22
optionB_budget0.90_beta0.0400_gamma0.50,carbonscaler_budget,cluster4,"Texas, US",texas,nbody100k,True,162.0,24.74,5.948367900000001,827.4235815000002,309.54121247091007,333.43113779841,23,2,,0,0.9,0.04,0.5,,optionB_beta_sweep,-10.012505321114938,29.18544746851451,27.53020743587787,texas_week06_2026-03-16_to_2026-03-22
optionB_budget0.90_beta0.01_gamma0.10,carbonscaler_budget,cluster4,"Texas, US",texas,nbody100k,True,163.0,24.87,5.955227700000001,802.4029716000001,373.11221247738007,402.38166136308,24,2,,0,0.9,0.01,0.1,,optionB_gamma_sweep,-6.685817465819268,14.642143578534762,12.544114136636288,texas_week06_2026-03-16_to_2026-03-22
optionB_budget0.90_beta0.01_gamma0.25,carbonscaler_budget,cluster4,"Texas, US",texas,nbody100k,True,163.0,24.87,5.955227700000001,802.4029716000001,373.11221247738007,402.38166136308,24,2,,0,0.9,0.01,0.25,,optionB_gamma_sweep,-6.685817465819268,14.642143578534762,12.544114136636288,texas_week06_2026-03-16_to_2026-03-22
optionB_budget0.90_beta0.01_gamma0.50,carbonscaler_budget,cluster4,"Texas, US",texas,nbody100k,True,163.0,24.87,5.955227700000001,802.4029716000001,373.11221247738007,402.38166136308,24,2,,0,0.9,0.01,0.5,,optionB_gamma_sweep,-6.685817465819268,14.642143578534762,12.544114136636288,texas_week06_2026-03-16_to_2026-03-22
optionB_budget0.90_beta0.01_gamma0.75,carbonscaler_budget,cluster4,"Texas, US",texas,nbody100k,True,163.0,24.87,5.955227700000001,802.4029716000001,373.11221247738007,402.38166136308,24,2,,0,0.9,0.01,0.75,,optionB_gamma_sweep,-6.685817465819268,14.642143578534762,12.544114136636288,texas_week06_2026-03-16_to_2026-03-22
optionB_budget0.90_beta0.01_gamma1.00,carbonscaler_budget,cluster4,"Texas, US",texas,nbody100k,True,163.0,24.87,5.955227700000001,802.4029716000001,373.11221247738007,402.38166136308,24,2,,0,0.9,0.01,1.0,,optionB_gamma_sweep,-6.685817465819268,14.642143578534762,12.544114136636288,texas_week06_2026-03-16_to_2026-03-22
optionC_lambda0.50,carbonscaler_weighted,cluster4,"Texas, US",texas,nbody100k,True,159.0,24.830000000000005,6.138832800000001,1317.9875931,150.95359921386003,174.85229173872,17,2,,0,,,,0.5,,-75.23686820264646,65.46595041088013,61.996622764945535,texas_week06_2026-03-16_to_2026-03-22
optionC_lambda0.60,carbonscaler_weighted,cluster4,"Texas, US",texas,nbody100k,True,160.0,24.830000000000005,6.138832800000001,1061.4466797,200.89806665529,227.52066038565005,17,2,,0,,,,0.6,,-41.12772600326959,54.04002400497193,50.54938428645232,texas_week06_2026-03-16_to_2026-03-22
optionC_lambda0.70,carbonscaler_weighted,cluster4,"Texas, US",texas,nbody100k,True,160.0,24.830000000000005,6.138832800000001,946.1332197000004,235.07110979601003,266.21522688585003,17,2,,0,,,,0.7,,-25.79589003015364,46.22216757373289,42.13929029779936,texas_week06_2026-03-16_to_2026-03-22
optionC_lambda0.80,carbonscaler_weighted,cluster4,"Texas, US",texas,nbody100k,True,161.0,24.830000000000005,6.138832800000001,852.8635605000002,279.63317693664004,323.6201041062901,17,2,,0,,,,0.8,,-13.394951613052717,36.02758695795047,29.662592495060345,texas_week06_2026-03-16_to_2026-03-22
optionC_lambda0.90,carbonscaler_weighted,cluster4,"Texas, US",texas,nbody100k,True,161.0,24.700000000000006,6.131973000000001,822.9591171000002,304.98203838318005,344.5720955685301,16,2,,0,,,,0.9,,-9.418919490903829,30.22846164539439,25.10876922258664,texas_week06_2026-03-16_to_2026-03-22
carbonscaler_base,carbonscaler,cluster4,"Texas, US",texas,nbody100k,True,166.0,24.090000000000007,5.914068900000001,997.2590538,348.12242291841,448.4153680599301,18,2,,0,,,,,,0.0,0.0,0.0,texas_week07_2026-03-23_to_2026-03-29
price_only,price_only,cluster4,"Texas, US",texas,nbody100k,True,157.0,24.44000000000001,6.118253400000001,1983.8168196000004,111.84698649345,116.80126105521002,14,2,,0,,,,,,-98.9269299727866,67.87136388520892,73.95244022064836,texas_week07_2026-03-23_to_2026-03-29
optionA_tie_0.01,carbonscaler_price_tiebreak,cluster4,"Texas, US",texas,nbody100k,True,166.0,24.090000000000007,5.914068900000001,997.2590538,344.07625799022003,452.0241116306701,18,2,0.01,14,,,,,,1.1399930367983992e-14,1.1622821920719175,-0.8047769607793064,texas_week07_2026-03-23_to_2026-03-29
optionA_tie_0.03,carbonscaler_price_tiebreak,cluster4,"Texas, US",texas,nbody100k,True,166.0,24.090000000000007,5.914068900000001,998.4514713,336.23224949502,451.0203584275201,18,2,0.03,23,,,,,,-0.1195694835214975,3.4155149569830168,-0.5809324463745525,texas_week07_2026-03-23_to_2026-03-29
optionA_tie_0.05,carbonscaler_price_tiebreak,cluster4,"Texas, US",texas,nbody100k,True,166.0,24.090000000000007,5.914068900000001,999.6164496,331.21848722274,438.0890038308601,18,2,0.05,23,,,,,,-0.2363875054347551,4.855744583747135,2.302856896664132,texas_week07_2026-03-23_to_2026-03-29
optionA_tie_0.10,carbonscaler_price_tiebreak,cluster4,"Texas, US",texas,nbody100k,True,166.0,24.830000000000005,6.138832800000001,1046.192205,311.02941893586,375.4822341455401,17,2,0.1,25,,,,,,-4.906764296954031,10.655160811414763,16.26463745654734,texas_week07_2026-03-23_to_2026-03-29
optionA_tie_0.20,carbonscaler_price_tiebreak,cluster4,"Texas, US",texas,nbody100k,True,166.0,24.960000000000004,6.145692600000001,1052.6187276,335.99851226622,347.99752427541006,18,2,0.2,26,,,,,,-5.551182873602906,3.4826572073558952,22.393934494033513,texas_week07_2026-03-23_to_2026-03-29
optionB_budget0.80_beta0.01_gamma0.50,carbonscaler_budget,cluster4,"Texas, US",texas,nbody100k,False,,21.74,5.232917400000001,904.3561053000002,276.17467769340004,340.64279047797,20,2,,0,0.8,0.01,0.5,,optionB_budget_sweep,9.3158290361966,20.667368858877687,24.034095452222868,texas_week07_2026-03-23_to_2026-03-29
optionB_budget0.85_beta0.01_gamma0.50,carbonscaler_budget,cluster4,"Texas, US",texas,nbody100k,False,,23.74,5.709884400000001,1000.4649558000002,294.8720225769,354.36341398677,22,2,,0,0.85,0.01,0.5,,optionB_budget_sweep,-0.3214713356358351,15.296458037691632,20.974293204997863,texas_week07_2026-03-23_to_2026-03-29
optionB_budget0.90_beta0.01_gamma0.50,carbonscaler_budget,cluster4,"Texas, US",texas,nbody100k,True,166.0,24.74,5.948367900000001,1045.5383373000002,312.6757697859,370.95421026642,23,2,,0,0.9,0.01,0.5,,optionB_budget_sweep,-4.841197812748313,10.18223785625486,17.274420840803444,texas_week07_2026-03-23_to_2026-03-29
optionB_budget1.00_beta0.01_gamma0.50,carbonscaler_budget,cluster4,"Texas, US",texas,nbody100k,True,166.0,24.74,5.948367900000001,1045.5383373000002,312.6757697859,370.95421026642,23,2,,0,1.0,0.01,0.5,,optionB_budget_sweep,-4.841197812748313,10.18223785625486,17.274420840803444,texas_week07_2026-03-23_to_2026-03-29
optionB_budget1.10_beta0.01_gamma0.50,carbonscaler_budget,cluster4,"Texas, US",texas,nbody100k,True,166.0,24.74,5.948367900000001,1045.5383373000002,312.6757697859,370.95421026642,23,2,,0,1.1,0.01,0.5,,optionB_budget_sweep,-4.841197812748313,10.18223785625486,17.274420840803444,texas_week07_2026-03-23_to_2026-03-29
optionB_budget1.20_beta0.01_gamma0.50,carbonscaler_budget,cluster4,"Texas, US",texas,nbody100k,True,166.0,24.74,5.948367900000001,1045.5383373000002,312.6757697859,370.95421026642,23,2,,0,1.2,0.01,0.5,,optionB_budget_sweep,-4.841197812748313,10.18223785625486,17.274420840803444,texas_week07_2026-03-23_to_2026-03-29
optionB_budget0.90_beta0.0025_gamma0.50,carbonscaler_budget,cluster4,"Texas, US",texas,nbody100k,False,,23.87,5.716744200000001,1012.5121854000002,311.41829322897,374.1687174448499,23,2,,0,0.9,0.0025,0.5,,optionB_beta_sweep,-1.5295054521569875,10.54345462200876,16.557561560904656,texas_week07_2026-03-23_to_2026-03-29
optionB_budget0.90_beta0.0050_gamma0.50,carbonscaler_budget,cluster4,"Texas, US",texas,nbody100k,True,166.0,24.87,5.955227700000001,1083.1033014000002,313.06950528627004,381.12399332895,24,2,,0,0.9,0.005,0.5,,optionB_beta_sweep,-8.608018876629437,10.069135259453068,15.006482722061094,texas_week07_2026-03-23_to_2026-03-29
optionB_budget0.90_beta0.0100_gamma0.50,carbonscaler_budget,cluster4,"Texas, US",texas,nbody100k,True,166.0,24.74,5.948367900000001,1045.5383373000002,312.6757697859,370.95421026642,23,2,,0,0.9,0.01,0.5,,optionB_beta_sweep,-4.841197812748313,10.18223785625486,17.274420840803444,texas_week07_2026-03-23_to_2026-03-29
optionB_budget0.90_beta0.0200_gamma0.50,carbonscaler_budget,cluster4,"Texas, US",texas,nbody100k,True,166.0,24.74,5.948367900000001,1051.0234578000002,302.76859283550004,362.05591391442,23,2,,0,0.9,0.02,0.5,,optionB_beta_sweep,-5.391217436947186,13.028126629332236,19.258807859138376,texas_week07_2026-03-23_to_2026-03-29
optionB_budget0.90_beta0.0400_gamma0.50,carbonscaler_budget,cluster4,"Texas, US",texas,nbody100k,True,166.0,24.87,5.955227700000001,1092.1313754000005,270.98784787413,328.47511755297,24,2,,0,0.9,0.04,0.5,,optionB_beta_sweep,-9.5133076243825,22.1573130502881,26.747578038166218,texas_week07_2026-03-23_to_2026-03-29
optionB_budget0.90_beta0.01_gamma0.10,carbonscaler_budget,cluster4,"Texas, US",texas,nbody100k,True,166.0,24.74,5.948367900000001,1045.5383373000002,312.6757697859,370.95421026642,23,2,,0,0.9,0.01,0.1,,optionB_gamma_sweep,-4.841197812748313,10.18223785625486,17.274420840803444,texas_week07_2026-03-23_to_2026-03-29
optionB_budget0.90_beta0.01_gamma0.25,carbonscaler_budget,cluster4,"Texas, US",texas,nbody100k,True,166.0,24.74,5.948367900000001,1045.5383373000002,312.6757697859,370.95421026642,23,2,,0,0.9,0.01,0.25,,optionB_gamma_sweep,-4.841197812748313,10.18223785625486,17.274420840803444,texas_week07_2026-03-23_to_2026-03-29
optionB_budget0.90_beta0.01_gamma0.50,carbonscaler_budget,cluster4,"Texas, US",texas,nbody100k,True,166.0,24.74,5.948367900000001,1045.5383373000002,312.6757697859,370.95421026642,23,2,,0,0.9,0.01,0.5,,optionB_gamma_sweep,-4.841197812748313,10.18223785625486,17.274420840803444,texas_week07_2026-03-23_to_2026-03-29
optionB_budget0.90_beta0.01_gamma0.75,carbonscaler_budget,cluster4,"Texas, US",texas,nbody100k,True,166.0,24.74,5.948367900000001,1045.5383373000002,312.6757697859,370.95421026642,23,2,,0,0.9,0.01,0.75,,optionB_gamma_sweep,-4.841197812748313,10.18223785625486,17.274420840803444,texas_week07_2026-03-23_to_2026-03-29
optionB_budget0.90_beta0.01_gamma1.00,carbonscaler_budget,cluster4,"Texas, US",texas,nbody100k,True,166.0,24.74,5.948367900000001,1045.5383373000002,312.6757697859,370.95421026642,23,2,,0,0.9,0.01,1.0,,optionB_gamma_sweep,-4.841197812748313,10.18223785625486,17.274420840803444,texas_week07_2026-03-23_to_2026-03-29
optionC_lambda0.50,carbonscaler_weighted,cluster4,"Texas, US",texas,nbody100k,True,166.0,24.090000000000003,5.914068900000001,1524.5582601000003,141.28665031827,166.04410847787003,18,2,,0,,,,0.5,,-52.87484774299677,59.41466535426717,62.9709148470401,texas_week07_2026-03-23_to_2026-03-29
optionC_lambda0.60,carbonscaler_weighted,cluster4,"Texas, US",texas,nbody100k,True,167.0,24.700000000000006,6.131973000000001,1281.897486,192.03322879464005,209.56662686562004,16,2,,0,,,,0.6,,-28.54207551341862,44.83744333824564,53.265065875794924,texas_week07_2026-03-23_to_2026-03-29
optionC_lambda0.70,carbonscaler_weighted,cluster4,"Texas, US",texas,nbody100k,True,167.0,24.570000000000007,6.125113200000001,1168.6166358,214.62783470040003,235.51258177545003,15,2,,0,,,,0.7,,-17.182855482439738,38.34702375643792,47.47892276877225,texas_week07_2026-03-23_to_2026-03-29
optionC_lambda0.80,carbonscaler_weighted,cluster4,"Texas, US",texas,nbody100k,True,166.0,24.570000000000007,6.125113200000001,1118.0080839000002,232.54821450006008,257.93223975315004,15,2,,0,,,,0.8,,-12.108090635015314,33.199300248877464,42.479170401965845,texas_week07_2026-03-23_to_2026-03-29
optionC_lambda0.90,carbonscaler_weighted,cluster4,"Texas, US",texas,nbody100k,True,166.0,24.700000000000006,6.131973000000001,1066.6029516,275.7494369509201,344.97271710375,16,2,,0,,,,0.9,,-6.953448809090173,20.789521502454924,23.0684892455236,texas_week07_2026-03-23_to_2026-03-29
carbonscaler_base,carbonscaler,cluster4,"Texas, US",texas,nbody100k,True,164.0,24.35,5.927788500000001,1063.3181397,358.00391083910995,440.51568976248,20,2,,0,,,,,,0.0,0.0,0.0,texas_week08_2026-03-30_to_2026-04-05
price_only,price_only,cluster4,"Texas, US",texas,nbody100k,True,157.0,24.570000000000007,6.125113200000001,2318.617839000001,50.73235556684999,92.13487982973,15,2,,0,,,,,,-118.05495010685752,85.82910576369386,79.0847677004631,texas_week08_2026-03-30_to_2026-04-05
optionA_tie_0.01,carbonscaler_price_tiebreak,cluster4,"Texas, US",texas,nbody100k,True,164.0,24.35,5.927788500000001,1063.3181397,358.00391083910995,440.51568976248,20,2,0.01,17,,,,,,0.0,0.0,0.0,texas_week08_2026-03-30_to_2026-04-05
optionA_tie_0.03,carbonscaler_price_tiebreak,cluster4,"Texas, US",texas,nbody100k,True,163.0,24.090000000000003,5.914068900000001,1053.4762026,344.76768127260004,510.69669250959,18,2,0.03,22,,,,,,0.9255872473666964,3.6972304396022033,-15.931555760238778,texas_week08_2026-03-30_to_2026-04-05
optionA_tie_0.05,carbonscaler_price_tiebreak,cluster4,"Texas, US",texas,nbody100k,True,164.0,24.35,5.927788500000001,1063.3181397,358.00391083910995,440.51568976248,20,2,0.05,22,,,,,,0.0,0.0,0.0,texas_week08_2026-03-30_to_2026-04-05
optionA_tie_0.10,carbonscaler_price_tiebreak,cluster4,"Texas, US",texas,nbody100k,True,164.0,24.35,5.927788500000001,1063.3181397,358.00391083910995,440.51568976248,20,2,0.1,24,,,,,,0.0,0.0,0.0,texas_week08_2026-03-30_to_2026-04-05
optionA_tie_0.20,carbonscaler_price_tiebreak,cluster4,"Texas, US",texas,nbody100k,True,165.0,24.960000000000004,6.145692600000001,1139.2725870000004,304.93593089238004,469.1798642850901,18,2,0.2,26,,,,,,-7.143153536478722,14.823296154040928,-6.5069588186666785,texas_week08_2026-03-30_to_2026-04-05
optionB_budget0.80_beta0.01_gamma0.50,carbonscaler_budget,cluster4,"Texas, US",texas,nbody100k,False,,22.87,5.478260700000001,1027.0084413000002,285.96125404845003,385.19822171004006,22,2,,0,0.8,0.01,0.5,,optionB_budget_sweep,3.4147539710217063,20.123427317260933,12.5574342385549,texas_week08_2026-03-30_to_2026-04-05
optionB_budget0.85_beta0.01_gamma0.50,carbonscaler_budget,cluster4,"Texas, US",texas,nbody100k,True,164.0,24.0,5.723604000000001,1115.625813,303.79874092290004,393.9142625844,24,1,,0,0.85,0.01,0.5,,optionB_budget_sweep,-4.91928721490239,15.140943513483062,10.578834820436674,texas_week08_2026-03-30_to_2026-04-05
optionB_budget0.90_beta0.01_gamma0.50,carbonscaler_budget,cluster4,"Texas, US",texas,nbody100k,True,165.0,24.0,5.723604000000001,1064.113377,315.15298805460003,408.45023733135,24,1,,0,0.9,0.01,0.5,,optionB_budget_sweep,-0.0747882755225466,11.969400748744194,7.279071591847099,texas_week08_2026-03-30_to_2026-04-05
optionB_budget1.00_beta0.01_gamma0.50,carbonscaler_budget,cluster4,"Texas, US",texas,nbody100k,True,165.0,24.0,5.723604000000001,1064.113377,315.15298805460003,408.45023733135,24,1,,0,1.0,0.01,0.5,,optionB_budget_sweep,-0.0747882755225466,11.969400748744194,7.279071591847099,texas_week08_2026-03-30_to_2026-04-05
optionB_budget1.10_beta0.01_gamma0.50,carbonscaler_budget,cluster4,"Texas, US",texas,nbody100k,True,165.0,24.0,5.723604000000001,1064.113377,315.15298805460003,408.45023733135,24,1,,0,1.1,0.01,0.5,,optionB_budget_sweep,-0.0747882755225466,11.969400748744194,7.279071591847099,texas_week08_2026-03-30_to_2026-04-05
optionB_budget1.20_beta0.01_gamma0.50,carbonscaler_budget,cluster4,"Texas, US",texas,nbody100k,True,165.0,24.0,5.723604000000001,1064.113377,315.15298805460003,408.45023733135,24,1,,0,1.2,0.01,0.5,,optionB_budget_sweep,-0.0747882755225466,11.969400748744194,7.279071591847099,texas_week08_2026-03-30_to_2026-04-05
optionB_budget0.90_beta0.0025_gamma0.50,carbonscaler_budget,cluster4,"Texas, US",texas,nbody100k,True,165.0,24.0,5.723604000000001,1066.4982120000002,318.39233328345006,413.01297519840006,24,1,,0,0.9,0.0025,0.5,,optionB_beta_sweep,-0.2990706338271753,11.064565597290828,6.24329966065659,texas_week08_2026-03-30_to_2026-04-05
optionB_budget0.90_beta0.0050_gamma0.50,carbonscaler_budget,cluster4,"Texas, US",texas,nbody100k,True,165.0,24.0,5.723604000000001,1066.4982120000002,318.39233328345006,413.01297519840006,24,1,,0,0.9,0.005,0.5,,optionB_beta_sweep,-0.2990706338271753,11.064565597290828,6.24329966065659,texas_week08_2026-03-30_to_2026-04-05
optionB_budget0.90_beta0.0100_gamma0.50,carbonscaler_budget,cluster4,"Texas, US",texas,nbody100k,True,165.0,24.0,5.723604000000001,1064.113377,315.15298805460003,408.45023733135,24,1,,0,0.9,0.01,0.5,,optionB_beta_sweep,-0.0747882755225466,11.969400748744194,7.279071591847099,texas_week08_2026-03-30_to_2026-04-05
optionB_budget0.90_beta0.0200_gamma0.50,carbonscaler_budget,cluster4,"Texas, US",texas,nbody100k,True,165.0,24.0,5.723604000000001,1082.238123,285.27095780790006,386.53183890345,24,1,,0,0.9,0.02,0.5,,optionB_beta_sweep,-1.7793341986376734,20.316245389815503,12.254694239866312,texas_week08_2026-03-30_to_2026-04-05
optionB_budget0.90_beta0.0400_gamma0.50,carbonscaler_budget,cluster4,"Texas, US",texas,nbody100k,True,165.0,24.87,5.955227700000001,1152.4592316,265.5236275341601,361.33824052841993,24,2,,0,0.9,0.04,0.5,,optionB_beta_sweep,-8.383294573075737,25.83219917575462,17.973809122837707,texas_week08_2026-03-30_to_2026-04-05
optionB_budget0.90_beta0.01_gamma0.10,carbonscaler_budget,cluster4,"Texas, US",texas,nbody100k,True,165.0,24.0,5.723604000000001,1064.113377,315.15298805460003,408.45023733135,24,1,,0,0.9,0.01,0.1,,optionB_gamma_sweep,-0.0747882755225466,11.969400748744194,7.279071591847099,texas_week08_2026-03-30_to_2026-04-05
optionB_budget0.90_beta0.01_gamma0.25,carbonscaler_budget,cluster4,"Texas, US",texas,nbody100k,True,165.0,24.0,5.723604000000001,1064.113377,315.15298805460003,408.45023733135,24,1,,0,0.9,0.01,0.25,,optionB_gamma_sweep,-0.0747882755225466,11.969400748744194,7.279071591847099,texas_week08_2026-03-30_to_2026-04-05
optionB_budget0.90_beta0.01_gamma0.50,carbonscaler_budget,cluster4,"Texas, US",texas,nbody100k,True,165.0,24.0,5.723604000000001,1064.113377,315.15298805460003,408.45023733135,24,1,,0,0.9,0.01,0.5,,optionB_gamma_sweep,-0.0747882755225466,11.969400748744194,7.279071591847099,texas_week08_2026-03-30_to_2026-04-05
optionB_budget0.90_beta0.01_gamma0.75,carbonscaler_budget,cluster4,"Texas, US",texas,nbody100k,True,165.0,24.0,5.723604000000001,1064.113377,315.15298805460003,408.45023733135,24,1,,0,0.9,0.01,0.75,,optionB_gamma_sweep,-0.0747882755225466,11.969400748744194,7.279071591847099,texas_week08_2026-03-30_to_2026-04-05
optionB_budget0.90_beta0.01_gamma1.00,carbonscaler_budget,cluster4,"Texas, US",texas,nbody100k,True,165.0,24.0,5.723604000000001,1064.113377,315.15298805460003,408.45023733135,24,1,,0,0.9,0.01,1.0,,optionB_gamma_sweep,-0.0747882755225466,11.969400748744194,7.279071591847099,texas_week08_2026-03-30_to_2026-04-05
optionC_lambda0.50,carbonscaler_weighted,cluster4,"Texas, US",texas,nbody100k,True,159.0,24.090000000000007,5.914068900000001,1737.8557491,72.3405702723,108.41617982880004,18,2,,0,,,,0.5,,-63.43704524690148,79.79335753546825,75.3888039975928,texas_week08_2026-03-30_to_2026-04-05
optionC_lambda0.60,carbonscaler_weighted,cluster4,"Texas, US",texas,nbody100k,True,160.0,24.090000000000007,5.914068900000001,1615.8615321000002,92.25060497319,114.47109888654003,18,2,,0,,,,0.6,,-51.96407093702853,74.23195608199705,74.01429698264295,texas_week08_2026-03-30_to_2026-04-05
optionC_lambda0.70,carbonscaler_weighted,cluster4,"Texas, US",texas,nbody100k,True,161.0,24.090000000000003,5.914068900000001,1291.6256037,166.98999207189,340.15684659051004,18,2,,0,,,,0.7,,-21.471228174891632,53.3552603711816,22.782126835500925,texas_week08_2026-03-30_to_2026-04-05
optionC_lambda0.80,carbonscaler_weighted,cluster4,"Texas, US",texas,nbody100k,True,165.0,24.700000000000006,6.131973000000001,1195.1839197000002,223.76572127901,394.85267344530007,16,2,,0,,,,0.8,,-12.401347731846665,37.496291380020075,10.365809295419377,texas_week08_2026-03-30_to_2026-04-05
optionC_lambda0.90,carbonscaler_weighted,cluster4,"Texas, US",texas,nbody100k,True,162.0,24.830000000000005,6.138832800000001,1136.7082095,273.61755678732004,438.6499675545001,17,2,,0,,,,0.9,,-6.901986062299844,23.57134978050949,0.4235313863589902,texas_week08_2026-03-30_to_2026-04-05
